<?xml version="1.0" encoding="utf-8"?>
<DataSchemaModel FileFormatVersion="1.2" SchemaVersion="2.9" DspName="Microsoft.Data.Tools.Schema.Sql.Sql160DatabaseSchemaProvider" CollationLcid="3082" CollationCaseSensitive="False" xmlns="http://schemas.microsoft.com/sqlserver/dac/Serialization/2012/02">
	<Model>
		<Element Type="SqlDatabaseOptions" Disambiguator="1">
			<Property Name="Collation" Value="Modern_Spanish_CI_AS" />
			<Property Name="IsAnsiPaddingOn" Value="False" />
			<Property Name="IsQuotedIdentifierOn" Value="False" />
			<Property Name="IsCursorDefaultScopeGlobal" Value="True" />
			<Property Name="IsTornPageProtectionOn" Value="False" />
			<Property Name="IsFullTextEnabled" Value="True" />
			<Property Name="ServiceBrokerOption" Value="1" />
			<Property Name="TargetRecoveryTimePeriod" Value="60" />
			<Property Name="QueryStoreDesiredState" Value="2" />
			<Property Name="QueryStoreCaptureMode" Value="2" />
			<Property Name="QueryStoreMaxStorageSize" Value="1000" />
			<Relationship Name="DefaultFilegroup">
				<Entry>
					<References ExternalSource="BuiltIns" Name="[PRIMARY]" />
				</Entry>
			</Relationship>
		</Element>
		<Element Type="SqlDefaultConstraint">
			<Property Name="DefaultExpressionScript">
				<Value><![CDATA[('Activo')]]></Value>
			</Property>
			<Relationship Name="DefiningTable">
				<Entry>
					<References Name="[dbo].[Documentos]" />
				</Entry>
			</Relationship>
			<Relationship Name="ForColumn">
				<Entry>
					<References Name="[dbo].[Documentos].[Estado]" />
				</Entry>
			</Relationship>
			<Annotation Type="SqlInlineConstraintAnnotation" Name="[dbo].[DF__Documento__Estad__37A5467C]" Disambiguator="5" />
		</Element>
		<Element Type="SqlDefaultConstraint">
			<Property Name="DefaultExpressionScript">
				<Value><![CDATA[(getdate())]]></Value>
			</Property>
			<Relationship Name="DefiningTable">
				<Entry>
					<References Name="[dbo].[Documentos]" />
				</Entry>
			</Relationship>
			<Relationship Name="ForColumn">
				<Entry>
					<References Name="[dbo].[Documentos].[FechaRegistro]" />
				</Entry>
			</Relationship>
			<Annotation Type="SqlInlineConstraintAnnotation" Name="[dbo].[DF__Documento__Fecha__38996AB5]" Disambiguator="6" />
		</Element>
		<Element Type="SqlDefaultConstraint">
			<Property Name="DefaultExpressionScript">
				<Value><![CDATA[(getdate())]]></Value>
			</Property>
			<Relationship Name="DefiningTable">
				<Entry>
					<References Name="[dbo].[Metadatos]" />
				</Entry>
			</Relationship>
			<Relationship Name="ForColumn">
				<Entry>
					<References Name="[dbo].[Metadatos].[FechaActualizacion]" />
				</Entry>
			</Relationship>
			<Annotation Type="SqlInlineConstraintAnnotation" Name="[dbo].[DF__Metadatos__Fecha__3C69FB99]" Disambiguator="7" />
		</Element>
		<Element Type="SqlDefaultConstraint">
			<Property Name="DefaultExpressionScript">
				<Value><![CDATA[(getdate())]]></Value>
			</Property>
			<Relationship Name="DefiningTable">
				<Entry>
					<References Name="[dbo].[Logs]" />
				</Entry>
			</Relationship>
			<Relationship Name="ForColumn">
				<Entry>
					<References Name="[dbo].[Logs].[Fecha]" />
				</Entry>
			</Relationship>
			<Annotation Type="SqlInlineConstraintAnnotation" Name="[dbo].[DF__Logs__Fecha__4222D4EF]" Disambiguator="8" />
		</Element>
		<Element Type="SqlForeignKeyConstraint">
			<Relationship Name="Columns">
				<Entry>
					<References Name="[dbo].[Metadatos].[ID_Documento]" />
				</Entry>
			</Relationship>
			<Relationship Name="DefiningTable">
				<Entry>
					<References Name="[dbo].[Metadatos]" />
				</Entry>
			</Relationship>
			<Relationship Name="ForeignColumns">
				<Entry>
					<References Name="[dbo].[Documentos].[ID_Documento]" />
				</Entry>
			</Relationship>
			<Relationship Name="ForeignTable">
				<Entry>
					<References Name="[dbo].[Documentos]" />
				</Entry>
			</Relationship>
			<Annotation Type="SqlInlineConstraintAnnotation" Name="[dbo].[FK__Metadatos__ID_Do__3B75D760]" Disambiguator="9" />
		</Element>
		<Element Type="SqlPrimaryKeyConstraint">
			<Relationship Name="ColumnSpecifications">
				<Entry>
					<Element Type="SqlIndexedColumnSpecification">
						<Relationship Name="Column">
							<Entry>
								<References Name="[dbo].[Documentos].[ID_Documento]" />
							</Entry>
						</Relationship>
					</Element>
				</Entry>
			</Relationship>
			<Relationship Name="DefiningTable">
				<Entry>
					<References Name="[dbo].[Documentos]" />
				</Entry>
			</Relationship>
			<Annotation Type="SqlInlineConstraintAnnotation" Name="[dbo].[PK__Document__B79DF372933E8852]" Disambiguator="10" />
		</Element>
		<Element Type="SqlPrimaryKeyConstraint">
			<Relationship Name="ColumnSpecifications">
				<Entry>
					<Element Type="SqlIndexedColumnSpecification">
						<Relationship Name="Column">
							<Entry>
								<References Name="[dbo].[Metadatos].[ID_Metadato]" />
							</Entry>
						</Relationship>
					</Element>
				</Entry>
			</Relationship>
			<Relationship Name="DefiningTable">
				<Entry>
					<References Name="[dbo].[Metadatos]" />
				</Entry>
			</Relationship>
			<Annotation Type="SqlInlineConstraintAnnotation" Name="[dbo].[PK__Metadato__338C374E93A41D7D]" Disambiguator="11" />
		</Element>
		<Element Type="SqlPrimaryKeyConstraint">
			<Relationship Name="ColumnSpecifications">
				<Entry>
					<Element Type="SqlIndexedColumnSpecification">
						<Relationship Name="Column">
							<Entry>
								<References Name="[dbo].[Usuarios].[ID_Usuario]" />
							</Entry>
						</Relationship>
					</Element>
				</Entry>
			</Relationship>
			<Relationship Name="DefiningTable">
				<Entry>
					<References Name="[dbo].[Usuarios]" />
				</Entry>
			</Relationship>
			<Annotation Type="SqlInlineConstraintAnnotation" Name="[dbo].[PK__Usuarios__DE4431C590995D2E]" Disambiguator="12" />
		</Element>
		<Element Type="SqlPrimaryKeyConstraint">
			<Relationship Name="ColumnSpecifications">
				<Entry>
					<Element Type="SqlIndexedColumnSpecification">
						<Relationship Name="Column">
							<Entry>
								<References Name="[dbo].[Logs].[ID_Log]" />
							</Entry>
						</Relationship>
					</Element>
				</Entry>
			</Relationship>
			<Relationship Name="DefiningTable">
				<Entry>
					<References Name="[dbo].[Logs]" />
				</Entry>
			</Relationship>
			<Annotation Type="SqlInlineConstraintAnnotation" Name="[dbo].[PK__Logs__2DBF3395B6A81BA5]" Disambiguator="13" />
		</Element>
		<Element Type="SqlRoleMembership">
			<Relationship Name="Member">
				<Entry>
					<References Name="[UsuarioNotario1]" />
				</Entry>
			</Relationship>
			<Relationship Name="Role">
				<Entry>
					<References Name="[Notario]" />
				</Entry>
			</Relationship>
		</Element>
		<Element Type="SqlRoleMembership">
			<Relationship Name="Member">
				<Entry>
					<References Name="[UsuarioEmpleado1]" />
				</Entry>
			</Relationship>
			<Relationship Name="Role">
				<Entry>
					<References Name="[Empleado]" />
				</Entry>
			</Relationship>
		</Element>
		<Element Type="SqlRoleMembership">
			<Relationship Name="Member">
				<Entry>
					<References Name="[UsuarioAdmin1]" />
				</Entry>
			</Relationship>
			<Relationship Name="Role">
				<Entry>
					<References Name="[Administrador]" />
				</Entry>
			</Relationship>
		</Element>
		<Element Type="SqlUniqueConstraint">
			<Relationship Name="ColumnSpecifications">
				<Entry>
					<Element Type="SqlIndexedColumnSpecification">
						<Relationship Name="Column">
							<Entry>
								<References Name="[dbo].[Usuarios].[Email]" />
							</Entry>
						</Relationship>
					</Element>
				</Entry>
			</Relationship>
			<Relationship Name="DefiningTable">
				<Entry>
					<References Name="[dbo].[Usuarios]" />
				</Entry>
			</Relationship>
			<Annotation Type="SqlInlineConstraintAnnotation" Name="[dbo].[UQ__Usuarios__A9D10534CB5B2D46]" Disambiguator="14" />
		</Element>
		<Element Type="SqlRole" Name="[Administrador]">
			<Relationship Name="Authorizer">
				<Entry>
					<References ExternalSource="BuiltIns" Name="[dbo]" />
				</Entry>
			</Relationship>
		</Element>
		<Element Type="SqlTable" Name="[dbo].[Documentos]">
			<Property Name="IsAnsiNullsOn" Value="True" />
			<Relationship Name="Columns">
				<Entry>
					<Element Type="SqlSimpleColumn" Name="[dbo].[Documentos].[ID_Documento]">
						<Property Name="IsNullable" Value="False" />
						<Property Name="IsIdentity" Value="True" />
						<Relationship Name="TypeSpecifier">
							<Entry>
								<Element Type="SqlTypeSpecifier">
									<Relationship Name="Type">
										<Entry>
											<References ExternalSource="BuiltIns" Name="[int]" />
										</Entry>
									</Relationship>
								</Element>
							</Entry>
						</Relationship>
						<Annotation Type="OnlinePropertyAnnotation" Name="[LastValue]">
							<Property Name="Value" Value="0" />
						</Annotation>
					</Element>
				</Entry>
				<Entry>
					<Element Type="SqlSimpleColumn" Name="[dbo].[Documentos].[Titulo]">
						<Property Name="IsNullable" Value="False" />
						<Relationship Name="TypeSpecifier">
							<Entry>
								<Element Type="SqlTypeSpecifier">
									<Property Name="Length" Value="255" />
									<Relationship Name="Type">
										<Entry>
											<References ExternalSource="BuiltIns" Name="[nvarchar]" />
										</Entry>
									</Relationship>
								</Element>
							</Entry>
						</Relationship>
					</Element>
				</Entry>
				<Entry>
					<Element Type="SqlSimpleColumn" Name="[dbo].[Documentos].[TipoDocumento]">
						<Property Name="IsNullable" Value="False" />
						<Relationship Name="TypeSpecifier">
							<Entry>
								<Element Type="SqlTypeSpecifier">
									<Property Name="Length" Value="100" />
									<Relationship Name="Type">
										<Entry>
											<References ExternalSource="BuiltIns" Name="[nvarchar]" />
										</Entry>
									</Relationship>
								</Element>
							</Entry>
						</Relationship>
					</Element>
				</Entry>
				<Entry>
					<Element Type="SqlSimpleColumn" Name="[dbo].[Documentos].[UbicacionDigital]">
						<Property Name="IsNullable" Value="False" />
						<Relationship Name="TypeSpecifier">
							<Entry>
								<Element Type="SqlTypeSpecifier">
									<Property Name="Length" Value="255" />
									<Relationship Name="Type">
										<Entry>
											<References ExternalSource="BuiltIns" Name="[nvarchar]" />
										</Entry>
									</Relationship>
								</Element>
							</Entry>
						</Relationship>
					</Element>
				</Entry>
				<Entry>
					<Element Type="SqlSimpleColumn" Name="[dbo].[Documentos].[Estado]">
						<Relationship Name="TypeSpecifier">
							<Entry>
								<Element Type="SqlTypeSpecifier">
									<Property Name="Length" Value="50" />
									<Relationship Name="Type">
										<Entry>
											<References ExternalSource="BuiltIns" Name="[nvarchar]" />
										</Entry>
									</Relationship>
								</Element>
							</Entry>
						</Relationship>
						<AttachedAnnotation Disambiguator="5" />
					</Element>
				</Entry>
				<Entry>
					<Element Type="SqlSimpleColumn" Name="[dbo].[Documentos].[FechaRegistro]">
						<Relationship Name="TypeSpecifier">
							<Entry>
								<Element Type="SqlTypeSpecifier">
									<Relationship Name="Type">
										<Entry>
											<References ExternalSource="BuiltIns" Name="[datetime]" />
										</Entry>
									</Relationship>
								</Element>
							</Entry>
						</Relationship>
						<AttachedAnnotation Disambiguator="6" />
					</Element>
				</Entry>
			</Relationship>
			<Relationship Name="Schema">
				<Entry>
					<References ExternalSource="BuiltIns" Name="[dbo]" />
				</Entry>
			</Relationship>
			<AttachedAnnotation Disambiguator="10" />
		</Element>
		<Element Type="SqlTable" Name="[dbo].[Logs]">
			<Property Name="IsAnsiNullsOn" Value="True" />
			<Relationship Name="Columns">
				<Entry>
					<Element Type="SqlSimpleColumn" Name="[dbo].[Logs].[ID_Log]">
						<Property Name="IsNullable" Value="False" />
						<Property Name="IsIdentity" Value="True" />
						<Relationship Name="TypeSpecifier">
							<Entry>
								<Element Type="SqlTypeSpecifier">
									<Relationship Name="Type">
										<Entry>
											<References ExternalSource="BuiltIns" Name="[int]" />
										</Entry>
									</Relationship>
								</Element>
							</Entry>
						</Relationship>
						<Annotation Type="OnlinePropertyAnnotation" Name="[LastValue]">
							<Property Name="Value" Value="0" />
						</Annotation>
					</Element>
				</Entry>
				<Entry>
					<Element Type="SqlSimpleColumn" Name="[dbo].[Logs].[Usuario]">
						<Relationship Name="TypeSpecifier">
							<Entry>
								<Element Type="SqlTypeSpecifier">
									<Property Name="Length" Value="255" />
									<Relationship Name="Type">
										<Entry>
											<References ExternalSource="BuiltIns" Name="[nvarchar]" />
										</Entry>
									</Relationship>
								</Element>
							</Entry>
						</Relationship>
					</Element>
				</Entry>
				<Entry>
					<Element Type="SqlSimpleColumn" Name="[dbo].[Logs].[Accion]">
						<Relationship Name="TypeSpecifier">
							<Entry>
								<Element Type="SqlTypeSpecifier">
									<Property Name="Length" Value="255" />
									<Relationship Name="Type">
										<Entry>
											<References ExternalSource="BuiltIns" Name="[nvarchar]" />
										</Entry>
									</Relationship>
								</Element>
							</Entry>
						</Relationship>
					</Element>
				</Entry>
				<Entry>
					<Element Type="SqlSimpleColumn" Name="[dbo].[Logs].[Fecha]">
						<Relationship Name="TypeSpecifier">
							<Entry>
								<Element Type="SqlTypeSpecifier">
									<Relationship Name="Type">
										<Entry>
											<References ExternalSource="BuiltIns" Name="[datetime]" />
										</Entry>
									</Relationship>
								</Element>
							</Entry>
						</Relationship>
						<AttachedAnnotation Disambiguator="8" />
					</Element>
				</Entry>
			</Relationship>
			<Relationship Name="Schema">
				<Entry>
					<References ExternalSource="BuiltIns" Name="[dbo]" />
				</Entry>
			</Relationship>
			<AttachedAnnotation Disambiguator="13" />
		</Element>
		<Element Type="SqlTable" Name="[dbo].[Metadatos]">
			<Property Name="IsAnsiNullsOn" Value="True" />
			<Relationship Name="Columns">
				<Entry>
					<Element Type="SqlSimpleColumn" Name="[dbo].[Metadatos].[ID_Metadato]">
						<Property Name="IsNullable" Value="False" />
						<Property Name="IsIdentity" Value="True" />
						<Relationship Name="TypeSpecifier">
							<Entry>
								<Element Type="SqlTypeSpecifier">
									<Relationship Name="Type">
										<Entry>
											<References ExternalSource="BuiltIns" Name="[int]" />
										</Entry>
									</Relationship>
								</Element>
							</Entry>
						</Relationship>
						<Annotation Type="OnlinePropertyAnnotation" Name="[LastValue]">
							<Property Name="Value" Value="0" />
						</Annotation>
					</Element>
				</Entry>
				<Entry>
					<Element Type="SqlSimpleColumn" Name="[dbo].[Metadatos].[ID_Documento]">
						<Property Name="IsNullable" Value="False" />
						<Relationship Name="TypeSpecifier">
							<Entry>
								<Element Type="SqlTypeSpecifier">
									<Relationship Name="Type">
										<Entry>
											<References ExternalSource="BuiltIns" Name="[int]" />
										</Entry>
									</Relationship>
								</Element>
							</Entry>
						</Relationship>
					</Element>
				</Entry>
				<Entry>
					<Element Type="SqlSimpleColumn" Name="[dbo].[Metadatos].[Propietario]">
						<Property Name="IsNullable" Value="False" />
						<Relationship Name="TypeSpecifier">
							<Entry>
								<Element Type="SqlTypeSpecifier">
									<Property Name="Length" Value="255" />
									<Relationship Name="Type">
										<Entry>
											<References ExternalSource="BuiltIns" Name="[nvarchar]" />
										</Entry>
									</Relationship>
								</Element>
							</Entry>
						</Relationship>
					</Element>
				</Entry>
				<Entry>
					<Element Type="SqlSimpleColumn" Name="[dbo].[Metadatos].[Notas]">
						<Relationship Name="TypeSpecifier">
							<Entry>
								<Element Type="SqlTypeSpecifier">
									<Property Name="IsMax" Value="True" />
									<Relationship Name="Type">
										<Entry>
											<References ExternalSource="BuiltIns" Name="[nvarchar]" />
										</Entry>
									</Relationship>
								</Element>
							</Entry>
						</Relationship>
					</Element>
				</Entry>
				<Entry>
					<Element Type="SqlSimpleColumn" Name="[dbo].[Metadatos].[FechaActualizacion]">
						<Relationship Name="TypeSpecifier">
							<Entry>
								<Element Type="SqlTypeSpecifier">
									<Relationship Name="Type">
										<Entry>
											<References ExternalSource="BuiltIns" Name="[datetime]" />
										</Entry>
									</Relationship>
								</Element>
							</Entry>
						</Relationship>
						<AttachedAnnotation Disambiguator="7" />
					</Element>
				</Entry>
			</Relationship>
			<Relationship Name="Schema">
				<Entry>
					<References ExternalSource="BuiltIns" Name="[dbo]" />
				</Entry>
			</Relationship>
			<AttachedAnnotation Disambiguator="9" />
			<AttachedAnnotation Disambiguator="11" />
		</Element>
		<Element Type="SqlTable" Name="[dbo].[Usuarios]">
			<Property Name="IsAnsiNullsOn" Value="True" />
			<Relationship Name="Columns">
				<Entry>
					<Element Type="SqlSimpleColumn" Name="[dbo].[Usuarios].[ID_Usuario]">
						<Property Name="IsNullable" Value="False" />
						<Property Name="IsIdentity" Value="True" />
						<Relationship Name="TypeSpecifier">
							<Entry>
								<Element Type="SqlTypeSpecifier">
									<Relationship Name="Type">
										<Entry>
											<References ExternalSource="BuiltIns" Name="[int]" />
										</Entry>
									</Relationship>
								</Element>
							</Entry>
						</Relationship>
						<Annotation Type="OnlinePropertyAnnotation" Name="[LastValue]">
							<Property Name="Value" Value="0" />
						</Annotation>
					</Element>
				</Entry>
				<Entry>
					<Element Type="SqlSimpleColumn" Name="[dbo].[Usuarios].[Nombre]">
						<Property Name="IsNullable" Value="False" />
						<Relationship Name="TypeSpecifier">
							<Entry>
								<Element Type="SqlTypeSpecifier">
									<Property Name="Length" Value="255" />
									<Relationship Name="Type">
										<Entry>
											<References ExternalSource="BuiltIns" Name="[nvarchar]" />
										</Entry>
									</Relationship>
								</Element>
							</Entry>
						</Relationship>
					</Element>
				</Entry>
				<Entry>
					<Element Type="SqlSimpleColumn" Name="[dbo].[Usuarios].[Rol]">
						<Property Name="IsNullable" Value="False" />
						<Relationship Name="TypeSpecifier">
							<Entry>
								<Element Type="SqlTypeSpecifier">
									<Property Name="Length" Value="50" />
									<Relationship Name="Type">
										<Entry>
											<References ExternalSource="BuiltIns" Name="[nvarchar]" />
										</Entry>
									</Relationship>
								</Element>
							</Entry>
						</Relationship>
					</Element>
				</Entry>
				<Entry>
					<Element Type="SqlSimpleColumn" Name="[dbo].[Usuarios].[Email]">
						<Property Name="IsNullable" Value="False" />
						<Relationship Name="TypeSpecifier">
							<Entry>
								<Element Type="SqlTypeSpecifier">
									<Property Name="Length" Value="255" />
									<Relationship Name="Type">
										<Entry>
											<References ExternalSource="BuiltIns" Name="[nvarchar]" />
										</Entry>
									</Relationship>
								</Element>
							</Entry>
						</Relationship>
					</Element>
				</Entry>
			</Relationship>
			<Relationship Name="Schema">
				<Entry>
					<References ExternalSource="BuiltIns" Name="[dbo]" />
				</Entry>
			</Relationship>
			<AttachedAnnotation Disambiguator="12" />
			<AttachedAnnotation Disambiguator="14" />
		</Element>
		<Element Type="SqlRole" Name="[Empleado]">
			<Relationship Name="Authorizer">
				<Entry>
					<References ExternalSource="BuiltIns" Name="[dbo]" />
				</Entry>
			</Relationship>
		</Element>
		<Element Type="SqlPermissionStatement" Name="[Grant.Connect.Database].[UsuarioAdmin1].[dbo]">
			<Property Name="Permission" Value="1035" />
			<Relationship Name="Grantee">
				<Entry>
					<References Name="[UsuarioAdmin1]" />
				</Entry>
			</Relationship>
			<Relationship Name="SecuredObject">
				<Entry>
					<References Disambiguator="1" />
				</Entry>
			</Relationship>
		</Element>
		<Element Type="SqlPermissionStatement" Name="[Grant.Connect.Database].[UsuarioEmpleado1].[dbo]">
			<Property Name="Permission" Value="1035" />
			<Relationship Name="Grantee">
				<Entry>
					<References Name="[UsuarioEmpleado1]" />
				</Entry>
			</Relationship>
			<Relationship Name="SecuredObject">
				<Entry>
					<References Disambiguator="1" />
				</Entry>
			</Relationship>
		</Element>
		<Element Type="SqlPermissionStatement" Name="[Grant.Connect.Database].[UsuarioNotario1].[dbo]">
			<Property Name="Permission" Value="1035" />
			<Relationship Name="Grantee">
				<Entry>
					<References Name="[UsuarioNotario1]" />
				</Entry>
			</Relationship>
			<Relationship Name="SecuredObject">
				<Entry>
					<References Disambiguator="1" />
				</Entry>
			</Relationship>
		</Element>
		<Element Type="SqlPermissionStatement" Name="[Grant.Delete.Object].[Administrador].[dbo].[dbo].[Documentos]">
			<Property Name="Permission" Value="4" />
			<Relationship Name="Grantee">
				<Entry>
					<References Name="[Administrador]" />
				</Entry>
			</Relationship>
			<Relationship Name="Grantor">
				<Entry>
					<References ExternalSource="BuiltIns" Name="[dbo]" />
				</Entry>
			</Relationship>
			<Relationship Name="SecuredObject">
				<Entry>
					<References Name="[dbo].[Documentos]" />
				</Entry>
			</Relationship>
		</Element>
		<Element Type="SqlPermissionStatement" Name="[Grant.Delete.Object].[Administrador].[dbo].[dbo].[Logs]">
			<Property Name="Permission" Value="4" />
			<Relationship Name="Grantee">
				<Entry>
					<References Name="[Administrador]" />
				</Entry>
			</Relationship>
			<Relationship Name="Grantor">
				<Entry>
					<References ExternalSource="BuiltIns" Name="[dbo]" />
				</Entry>
			</Relationship>
			<Relationship Name="SecuredObject">
				<Entry>
					<References Name="[dbo].[Logs]" />
				</Entry>
			</Relationship>
		</Element>
		<Element Type="SqlPermissionStatement" Name="[Grant.Delete.Object].[Administrador].[dbo].[dbo].[Metadatos]">
			<Property Name="Permission" Value="4" />
			<Relationship Name="Grantee">
				<Entry>
					<References Name="[Administrador]" />
				</Entry>
			</Relationship>
			<Relationship Name="Grantor">
				<Entry>
					<References ExternalSource="BuiltIns" Name="[dbo]" />
				</Entry>
			</Relationship>
			<Relationship Name="SecuredObject">
				<Entry>
					<References Name="[dbo].[Metadatos]" />
				</Entry>
			</Relationship>
		</Element>
		<Element Type="SqlPermissionStatement" Name="[Grant.Delete.Object].[Administrador].[dbo].[dbo].[Usuarios]">
			<Property Name="Permission" Value="4" />
			<Relationship Name="Grantee">
				<Entry>
					<References Name="[Administrador]" />
				</Entry>
			</Relationship>
			<Relationship Name="Grantor">
				<Entry>
					<References ExternalSource="BuiltIns" Name="[dbo]" />
				</Entry>
			</Relationship>
			<Relationship Name="SecuredObject">
				<Entry>
					<References Name="[dbo].[Usuarios]" />
				</Entry>
			</Relationship>
		</Element>
		<Element Type="SqlPermissionStatement" Name="[Grant.Insert.Object].[Administrador].[dbo].[dbo].[Documentos]">
			<Property Name="Permission" Value="1" />
			<Relationship Name="Grantee">
				<Entry>
					<References Name="[Administrador]" />
				</Entry>
			</Relationship>
			<Relationship Name="Grantor">
				<Entry>
					<References ExternalSource="BuiltIns" Name="[dbo]" />
				</Entry>
			</Relationship>
			<Relationship Name="SecuredObject">
				<Entry>
					<References Name="[dbo].[Documentos]" />
				</Entry>
			</Relationship>
		</Element>
		<Element Type="SqlPermissionStatement" Name="[Grant.Insert.Object].[Administrador].[dbo].[dbo].[Logs]">
			<Property Name="Permission" Value="1" />
			<Relationship Name="Grantee">
				<Entry>
					<References Name="[Administrador]" />
				</Entry>
			</Relationship>
			<Relationship Name="Grantor">
				<Entry>
					<References ExternalSource="BuiltIns" Name="[dbo]" />
				</Entry>
			</Relationship>
			<Relationship Name="SecuredObject">
				<Entry>
					<References Name="[dbo].[Logs]" />
				</Entry>
			</Relationship>
		</Element>
		<Element Type="SqlPermissionStatement" Name="[Grant.Insert.Object].[Administrador].[dbo].[dbo].[Metadatos]">
			<Property Name="Permission" Value="1" />
			<Relationship Name="Grantee">
				<Entry>
					<References Name="[Administrador]" />
				</Entry>
			</Relationship>
			<Relationship Name="Grantor">
				<Entry>
					<References ExternalSource="BuiltIns" Name="[dbo]" />
				</Entry>
			</Relationship>
			<Relationship Name="SecuredObject">
				<Entry>
					<References Name="[dbo].[Metadatos]" />
				</Entry>
			</Relationship>
		</Element>
		<Element Type="SqlPermissionStatement" Name="[Grant.Insert.Object].[Administrador].[dbo].[dbo].[Usuarios]">
			<Property Name="Permission" Value="1" />
			<Relationship Name="Grantee">
				<Entry>
					<References Name="[Administrador]" />
				</Entry>
			</Relationship>
			<Relationship Name="Grantor">
				<Entry>
					<References ExternalSource="BuiltIns" Name="[dbo]" />
				</Entry>
			</Relationship>
			<Relationship Name="SecuredObject">
				<Entry>
					<References Name="[dbo].[Usuarios]" />
				</Entry>
			</Relationship>
		</Element>
		<Element Type="SqlPermissionStatement" Name="[Grant.Insert.Object].[Notario].[dbo].[dbo].[Documentos]">
			<Property Name="Permission" Value="1" />
			<Relationship Name="Grantee">
				<Entry>
					<References Name="[Notario]" />
				</Entry>
			</Relationship>
			<Relationship Name="Grantor">
				<Entry>
					<References ExternalSource="BuiltIns" Name="[dbo]" />
				</Entry>
			</Relationship>
			<Relationship Name="SecuredObject">
				<Entry>
					<References Name="[dbo].[Documentos]" />
				</Entry>
			</Relationship>
		</Element>
		<Element Type="SqlPermissionStatement" Name="[Grant.Select.Object].[Administrador].[dbo].[dbo].[Documentos]">
			<Property Name="Permission" Value="2" />
			<Relationship Name="Grantee">
				<Entry>
					<References Name="[Administrador]" />
				</Entry>
			</Relationship>
			<Relationship Name="Grantor">
				<Entry>
					<References ExternalSource="BuiltIns" Name="[dbo]" />
				</Entry>
			</Relationship>
			<Relationship Name="SecuredObject">
				<Entry>
					<References Name="[dbo].[Documentos]" />
				</Entry>
			</Relationship>
		</Element>
		<Element Type="SqlPermissionStatement" Name="[Grant.Select.Object].[Administrador].[dbo].[dbo].[Logs]">
			<Property Name="Permission" Value="2" />
			<Relationship Name="Grantee">
				<Entry>
					<References Name="[Administrador]" />
				</Entry>
			</Relationship>
			<Relationship Name="Grantor">
				<Entry>
					<References ExternalSource="BuiltIns" Name="[dbo]" />
				</Entry>
			</Relationship>
			<Relationship Name="SecuredObject">
				<Entry>
					<References Name="[dbo].[Logs]" />
				</Entry>
			</Relationship>
		</Element>
		<Element Type="SqlPermissionStatement" Name="[Grant.Select.Object].[Administrador].[dbo].[dbo].[Metadatos]">
			<Property Name="Permission" Value="2" />
			<Relationship Name="Grantee">
				<Entry>
					<References Name="[Administrador]" />
				</Entry>
			</Relationship>
			<Relationship Name="Grantor">
				<Entry>
					<References ExternalSource="BuiltIns" Name="[dbo]" />
				</Entry>
			</Relationship>
			<Relationship Name="SecuredObject">
				<Entry>
					<References Name="[dbo].[Metadatos]" />
				</Entry>
			</Relationship>
		</Element>
		<Element Type="SqlPermissionStatement" Name="[Grant.Select.Object].[Administrador].[dbo].[dbo].[Usuarios]">
			<Property Name="Permission" Value="2" />
			<Relationship Name="Grantee">
				<Entry>
					<References Name="[Administrador]" />
				</Entry>
			</Relationship>
			<Relationship Name="Grantor">
				<Entry>
					<References ExternalSource="BuiltIns" Name="[dbo]" />
				</Entry>
			</Relationship>
			<Relationship Name="SecuredObject">
				<Entry>
					<References Name="[dbo].[Usuarios]" />
				</Entry>
			</Relationship>
		</Element>
		<Element Type="SqlPermissionStatement" Name="[Grant.Select.Object].[Empleado].[dbo].[dbo].[Documentos]">
			<Property Name="Permission" Value="2" />
			<Relationship Name="Grantee">
				<Entry>
					<References Name="[Empleado]" />
				</Entry>
			</Relationship>
			<Relationship Name="Grantor">
				<Entry>
					<References ExternalSource="BuiltIns" Name="[dbo]" />
				</Entry>
			</Relationship>
			<Relationship Name="SecuredObject">
				<Entry>
					<References Name="[dbo].[Documentos]" />
				</Entry>
			</Relationship>
		</Element>
		<Element Type="SqlPermissionStatement" Name="[Grant.Select.Object].[Notario].[dbo].[dbo].[Documentos]">
			<Property Name="Permission" Value="2" />
			<Relationship Name="Grantee">
				<Entry>
					<References Name="[Notario]" />
				</Entry>
			</Relationship>
			<Relationship Name="Grantor">
				<Entry>
					<References ExternalSource="BuiltIns" Name="[dbo]" />
				</Entry>
			</Relationship>
			<Relationship Name="SecuredObject">
				<Entry>
					<References Name="[dbo].[Documentos]" />
				</Entry>
			</Relationship>
		</Element>
		<Element Type="SqlPermissionStatement" Name="[Grant.Select.Object].[Notario].[dbo].[dbo].[Logs]">
			<Property Name="Permission" Value="2" />
			<Relationship Name="Grantee">
				<Entry>
					<References Name="[Notario]" />
				</Entry>
			</Relationship>
			<Relationship Name="Grantor">
				<Entry>
					<References ExternalSource="BuiltIns" Name="[dbo]" />
				</Entry>
			</Relationship>
			<Relationship Name="SecuredObject">
				<Entry>
					<References Name="[dbo].[Logs]" />
				</Entry>
			</Relationship>
		</Element>
		<Element Type="SqlPermissionStatement" Name="[Grant.Select.Object].[Notario].[dbo].[dbo].[Metadatos]">
			<Property Name="Permission" Value="2" />
			<Relationship Name="Grantee">
				<Entry>
					<References Name="[Notario]" />
				</Entry>
			</Relationship>
			<Relationship Name="Grantor">
				<Entry>
					<References ExternalSource="BuiltIns" Name="[dbo]" />
				</Entry>
			</Relationship>
			<Relationship Name="SecuredObject">
				<Entry>
					<References Name="[dbo].[Metadatos]" />
				</Entry>
			</Relationship>
		</Element>
		<Element Type="SqlPermissionStatement" Name="[Grant.Update.Object].[Administrador].[dbo].[dbo].[Documentos]">
			<Property Name="Permission" Value="3" />
			<Relationship Name="Grantee">
				<Entry>
					<References Name="[Administrador]" />
				</Entry>
			</Relationship>
			<Relationship Name="Grantor">
				<Entry>
					<References ExternalSource="BuiltIns" Name="[dbo]" />
				</Entry>
			</Relationship>
			<Relationship Name="SecuredObject">
				<Entry>
					<References Name="[dbo].[Documentos]" />
				</Entry>
			</Relationship>
		</Element>
		<Element Type="SqlPermissionStatement" Name="[Grant.Update.Object].[Administrador].[dbo].[dbo].[Logs]">
			<Property Name="Permission" Value="3" />
			<Relationship Name="Grantee">
				<Entry>
					<References Name="[Administrador]" />
				</Entry>
			</Relationship>
			<Relationship Name="Grantor">
				<Entry>
					<References ExternalSource="BuiltIns" Name="[dbo]" />
				</Entry>
			</Relationship>
			<Relationship Name="SecuredObject">
				<Entry>
					<References Name="[dbo].[Logs]" />
				</Entry>
			</Relationship>
		</Element>
		<Element Type="SqlPermissionStatement" Name="[Grant.Update.Object].[Administrador].[dbo].[dbo].[Metadatos]">
			<Property Name="Permission" Value="3" />
			<Relationship Name="Grantee">
				<Entry>
					<References Name="[Administrador]" />
				</Entry>
			</Relationship>
			<Relationship Name="Grantor">
				<Entry>
					<References ExternalSource="BuiltIns" Name="[dbo]" />
				</Entry>
			</Relationship>
			<Relationship Name="SecuredObject">
				<Entry>
					<References Name="[dbo].[Metadatos]" />
				</Entry>
			</Relationship>
		</Element>
		<Element Type="SqlPermissionStatement" Name="[Grant.Update.Object].[Administrador].[dbo].[dbo].[Usuarios]">
			<Property Name="Permission" Value="3" />
			<Relationship Name="Grantee">
				<Entry>
					<References Name="[Administrador]" />
				</Entry>
			</Relationship>
			<Relationship Name="Grantor">
				<Entry>
					<References ExternalSource="BuiltIns" Name="[dbo]" />
				</Entry>
			</Relationship>
			<Relationship Name="SecuredObject">
				<Entry>
					<References Name="[dbo].[Usuarios]" />
				</Entry>
			</Relationship>
		</Element>
		<Element Type="SqlPermissionStatement" Name="[Grant.ViewAnyColumnEncryptionKeyDefinition.Database].[public].[dbo]">
			<Property Name="Permission" Value="1108" />
			<Relationship Name="Grantee">
				<Entry>
					<References ExternalSource="BuiltIns" Name="[public]" />
				</Entry>
			</Relationship>
			<Relationship Name="SecuredObject">
				<Entry>
					<References Disambiguator="1" />
				</Entry>
			</Relationship>
		</Element>
		<Element Type="SqlPermissionStatement" Name="[Grant.ViewAnyColumnMasterKeyDefinition.Database].[public].[dbo]">
			<Property Name="Permission" Value="1107" />
			<Relationship Name="Grantee">
				<Entry>
					<References ExternalSource="BuiltIns" Name="[public]" />
				</Entry>
			</Relationship>
			<Relationship Name="SecuredObject">
				<Entry>
					<References Disambiguator="1" />
				</Entry>
			</Relationship>
		</Element>
		<Element Type="SqlRole" Name="[Notario]">
			<Relationship Name="Authorizer">
				<Entry>
					<References ExternalSource="BuiltIns" Name="[dbo]" />
				</Entry>
			</Relationship>
		</Element>
		<Element Type="SqlLogin" Name="[UsuarioAdmin]">
			<Property Name="Password" Value="D|zbi~z4~OcizmncarnxV#ehmsFT7_&amp;#$!~&lt;uqecm{{|tdf{" />
		</Element>
		<Element Type="SqlUser" Name="[UsuarioAdmin1]">
			<Property Name="LoginIdentifierScript">
				<Value><![CDATA[UsuarioAdmin]]></Value>
			</Property>
			<Property Name="AuthenticationType" Value="1" />
			<Relationship Name="Login">
				<Entry>
					<References Name="[UsuarioAdmin]" />
				</Entry>
			</Relationship>
		</Element>
		<Element Type="SqlLogin" Name="[UsuarioEmpleado]">
			<Property Name="Password" Value="|zbcizmncamrnxhqCeG{{td{msFT7_&amp;#$!~&lt;esmjkjqOmla_" />
		</Element>
		<Element Type="SqlUser" Name="[UsuarioEmpleado1]">
			<Property Name="LoginIdentifierScript">
				<Value><![CDATA[UsuarioEmpleado]]></Value>
			</Property>
			<Property Name="AuthenticationType" Value="1" />
			<Relationship Name="Login">
				<Entry>
					<References Name="[UsuarioEmpleado]" />
				</Entry>
			</Relationship>
		</Element>
		<Element Type="SqlLogin" Name="[UsuarioNotario]">
			<Property Name="Password" Value="|zbcizs8mV9ncg9v0aJDxprnmsFT7_&amp;#$!~&lt;Ixhq_e{{tdC{" />
		</Element>
		<Element Type="SqlUser" Name="[UsuarioNotario1]">
			<Property Name="LoginIdentifierScript">
				<Value><![CDATA[UsuarioNotario]]></Value>
			</Property>
			<Property Name="AuthenticationType" Value="1" />
			<Relationship Name="Login">
				<Entry>
					<References Name="[UsuarioNotario]" />
				</Entry>
			</Relationship>
		</Element>
	</Model>
</DataSchemaModel>