﻿<?xml version="1.0" encoding="utf-8"?>
<DacOrigin xmlns="http://schemas.microsoft.com/sqlserver/dac/Serialization/2012/02">
  <PackageProperties>
    <Version>3.0.0.0</Version>
    <ContainsExportedData>true</ContainsExportedData>
    <StreamVersions>
      <Version StreamName="Data">2.0.0.0</Version>
      <Version StreamName="DeploymentContributors">1.0.0.0</Version>
    </StreamVersions>
  </PackageProperties>
  <Operation>
    <Identity>aeba53c2-0664-4ad7-be0c-e1e53da637be</Identity>
    <Start>2024-11-19T16:51:06.6083466-05:00</Start>
    <End>0001-01-01T00:00:00.0000000</End>
    <ProductName>Microsoft.SqlServer.Dac, Version=162.0.0.0, Culture=neutral, PublicKeyToken=b03f5f7f11d50a3a</ProductName>
    <ProductVersion>162.3.566.1</ProductVersion>
    <ProductSchema>http://schemas.microsoft.com/sqlserver/dac/Serialization/2012/02</ProductSchema>
  </Operation>
  <Server>
    <ServerVersion>Microsoft SQL Server 2022 (RTM) - 16.0.1000.6 (X64) 
	Oct  8 2022 05:58:25 
	Copyright (C) 2022 Microsoft Corporation
	Developer Edition (64-bit) on Windows 10 Home Single Language 10.0 &lt;X64&gt; (Build 22631: ) (Hypervisor)
</ServerVersion>
    <ObjectCounts>
      <DatabaseOptions>1</DatabaseOptions>
      <DefaultConstraint>4</DefaultConstraint>
      <ForeignKeyConstraint>1</ForeignKeyConstraint>
      <Login>3</Login>
      <PermissionStatement>26</PermissionStatement>
      <PrimaryKeyConstraint>4</PrimaryKeyConstraint>
      <Role>3</Role>
      <RoleMembership>3</RoleMembership>
      <SimpleColumn>19</SimpleColumn>
      <Table>4</Table>
      <UniqueConstraint>1</UniqueConstraint>
      <User>3</User>
    </ObjectCounts>
  </Server>
  <ExportStatistics>
    <SourceDatabaseSize>11752</SourceDatabaseSize>
    <TableRowCountTotalTag>0</TableRowCountTotalTag>
  </ExportStatistics>
  <Checksums>
    <Checksum Uri="/model.xml">25DDDC86830DB4E7C758F4F919FB8A17A892B5EC33C6FADBEF41EAF0F6BE6A3C</Checksum>
  </Checksums>
  <ModelSchemaVersion>2.9</ModelSchemaVersion>
  <DataPhaseTables>dbo.Documentos,dbo.Metadatos,dbo.Usuarios,dbo.Logs</DataPhaseTables>
</DacOrigin>